<?xml version="1.0" encoding="UTF-8"?>
<jcr:root xmlns:sling="http://sling.apache.org/jcr/sling/1.0" xmlns:cq="http://www.day.com/jcr/cq/1.0" xmlns:jcr="http://www.jcp.org/jcr/1.0" xmlns:nt="http://www.jcp.org/jcr/nt/1.0"
    jcr:primaryType="nt:unstructured"
    jcr:title="Header"
    sling:resourceType="cq/gui/components/authoring/dialog">
    <content
        jcr:primaryType="nt:unstructured"
        sling:resourceType="granite/ui/components/foundation/container">
        <layout
            jcr:primaryType="nt:unstructured"
            sling:resourceType="granite/ui/components/foundation/layouts/tabs"
            type="nav"/>
        <items jcr:primaryType="nt:unstructured">
        	<logo
                jcr:primaryType="nt:unstructured"
                jcr:title="Logo"
                sling:resourceType="granite/ui/components/foundation/container">
                <layout
                    jcr:primaryType="nt:unstructured"
                    sling:resourceType="granite/ui/components/foundation/layouts/fixedcolumns"/>
                <items jcr:primaryType="nt:unstructured">
                    <columns
                        jcr:primaryType="nt:unstructured"
                        sling:resourceType="granite/ui/components/foundation/container">
                        <items jcr:primaryType="nt:unstructured">
							<logolabel
		                		jcr:primaryType="nt:unstructured"
		                		fieldLabel="Logo Label"
		                		fieldDescription="Please enter a title"
		                		required="{Boolean}true"
		                		sling:resourceType="granite/ui/components/foundation/form/textfield"
		                		name="./logoLabel"/>
		                	<logoURL
		                		jcr:primaryType="nt:unstructured"
		                		fieldLabel="Logo URL"
		                		fieldDescription="Please enter a title"
		                		required="{Boolean}true"
		                		sling:resourceType="granite/ui/components/foundation/form/pathbrowser"
		                		name="./logoURL"/>
                        </items>
                    </columns>
                </items>
            </logo>
        </items>
    </content>
</jcr:root>
